<?xml version="1.0" encoding="UTF-8"?>
<project-private xmlns="http://www.netbeans.org/ns/project-private/1">
    <editor-bookmarks xmlns="http://www.netbeans.org/ns/editor-bookmarks/2" lastBookmarkId="0"/>
    <open-files xmlns="http://www.netbeans.org/ns/projectui-open-files/2">
        <group>
            <file>file:/C:/xampp/htdocs/yiiadvanced/frontend/config/main.php</file>
            <file>file:/C:/xampp/htdocs/yiiadvanced/common/models/User.php</file>
            <file>file:/C:/xampp/htdocs/yiiadvanced/common/models/Backenduser.php</file>
            <file>file:/C:/xampp/htdocs/yiiadvanced/frontend/views/site/index.php</file>
            <file>file:/C:/xampp/htdocs/yiiadvanced/frontend/views/layouts/main.php</file>
            <file>file:/C:/xampp/htdocs/yiiadvanced/frontend/controllers/SiteController.php</file>
            <file>file:/C:/xampp/htdocs/yiiadvanced/common/config/main-local.php</file>
            <file>file:/C:/xampp/htdocs/yiiadvanced/common/models/LoginForm.php</file>
        </group>
    </open-files>
</project-private>
